pH (units),Ammonia (mg/L),Inorganic Phosphate (mg/L),BOD (mg/l),Total coliforms (MPN/100ml)
8.314381089089647,0.03166762968038105,0.453249749118364,4.103760958611252,120.62069398124612
