pH (units),Ammonia (mg/L),Inorganic Phosphate (mg/L),BOD (mg/l),Total coliforms (MPN/100ml)
8.261150254317641,0.01840764676309199,0.31614965290564045,4.107285729995107,92.90245464871812
